chr	start_interval	end_interval	strand	start_gene	end_gene	gene_chr_start_end_strand	interval_chr_start_end_strand	sequences
chr10	123499954	123499964	-	123499939	123688316	chr10_123499939_123688316_-	chr10_123499954_123499964_-	GAAATAAAAAA
chr10	123500007	123500017	-	123499939	123688316	chr10_123499939_123688316_-	chr10_123500007_123500017_-	TTCTCGTTTTT
chr10	123500254	123500272	-	123499939	123688316	chr10_123499939_123688316_-	chr10_123500254_123500272_-	AAGAAAATGTATTATCTAA
chr10	123500360	123500394	-	123499939	123688316	chr10_123499939_123688316_-	chr10_123500360_123500394_-	AAATAGATTTATTAAAATTAGTTTACATGTTGTAT
chr10	123500425	123500443	-	123499939	123688316	chr10_123499939_123688316_-	chr10_123500425_123500443_-	GTTTTTTCACGAGTCTAAT
chr10	123500476	123500487	-	123499939	123688316	chr10_123499939_123688316_-	chr10_123500476_123500487_-	CCTTTATTAAAT
chr10	123503364	123503379	-	123499939	123688316	chr10_123499939_123688316_-	chr10_123503364_123503379_-	AGGAGTAGGTGACGTT
chr10	123510007	123510025	-	123499939	123688316	chr10_123499939_123688316_-	chr10_123510007_123510025_-	TAAAATTAGAAGTTCCTTT
chr10	123510101	123510114	-	123499939	123688316	chr10_123499939_123688316_-	chr10_123510101_123510114_-	AAAGTTTCCTGTTC
chr10	123510120	123510132	-	123499939	123688316	chr10_123499939_123688316_-	chr10_123510120_123510132_-	TCTCTAGTTTCGA
chr10	123510159	123510184	-	123499939	123688316	chr10_123499939_123688316_-	chr10_123510159_123510184_-	TGAGTAAACAATAAGAATTTCTCTGA
chr10	123512813	123512825	-	123499939	123688316	chr10_123499939_123688316_-	chr10_123512813_123512825_-	ATAAAGTAAAAGA
chr10	123514884	123514903	-	123499939	123688316	chr10_123499939_123688316_-	chr10_123514884_123514903_-	CCAAATCTTTTTTTATGTCT
chr10	123515018	123515036	-	123499939	123688316	chr10_123499939_123688316_-	chr10_123515018_123515036_-	TTTAAATTTTTATTTTTTA
chr10	123521153	123521171	-	123499939	123688316	chr10_123499939_123688316_-	chr10_123521153_123521171_-	AGACCCTTTAAATCCCACG
chr10	123521562	123521581	-	123499939	123688316	chr10_123499939_123688316_-	chr10_123521562_123521581_-	AAGTGACTTCAGTTTCAACA
chr10	123524078	123524103	-	123499939	123688316	chr10_123499939_123688316_-	chr10_123524078_123524103_-	CATTTTTTGTTTGGTGTCTTATAAAA
chr10	123527525	123527537	-	123499939	123688316	chr10_123499939_123688316_-	chr10_123527525_123527537_-	GTTGGAAATTTTC
chr10	123527606	123527617	-	123499939	123688316	chr10_123499939_123688316_-	chr10_123527606_123527617_-	TCAGTGTTTTTT
chr10	123529838	123529850	-	123499939	123688316	chr10_123499939_123688316_-	chr10_123529838_123529850_-	GAGTGTTTCCTTT
chr10	123529948	123529959	-	123499939	123688316	chr10_123499939_123688316_-	chr10_123529948_123529959_-	CATAAAGTCCTA
chr10	123530098	123530109	-	123499939	123688316	chr10_123499939_123688316_-	chr10_123530098_123530109_-	TTTTAAGTTTGT
chr10	123530124	123530165	-	123499939	123688316	chr10_123499939_123688316_-	chr10_123530124_123530165_-	TAAGAAACTAGTTATTTCGGTTTGAAATTATTCAGACTGGAC
chr10	123530900	123530911	-	123499939	123688316	chr10_123499939_123688316_-	chr10_123530900_123530911_-	TCACTAAAAGAC
chr10	123531100	123531112	-	123499939	123688316	chr10_123499939_123688316_-	chr10_123531100_123531112_-	CAAAATAAAAATT
chr10	123531807	123531859	-	123499939	123688316	chr10_123499939_123688316_-	chr10_123531807_123531859_-	TACAAATAATGAGTTGCAGACTTAAGAGTTTAATTTAGTAAGAACCTAATAAA
chr10	123531882	123531893	-	123499939	123688316	chr10_123499939_123688316_-	chr10_123531882_123531893_-	ATTTACAACTTT
chr10	123532103	123532118	-	123499939	123688316	chr10_123499939_123688316_-	chr10_123532103_123532118_-	ACAAACGAAGAGGTCT
chr10	123532998	123533010	-	123499939	123688316	chr10_123499939_123688316_-	chr10_123532998_123533010_-	CAAACTGTGTCTT
chr10	123533654	123533668	-	123499939	123688316	chr10_123499939_123688316_-	chr10_123533654_123533668_-	GAAACCAAATAGTTA
chr10	123533731	123533743	-	123499939	123688316	chr10_123499939_123688316_-	chr10_123533731_123533743_-	GTTAAATGTTAGT
chr10	123533980	123534007	-	123499939	123688316	chr10_123499939_123688316_-	chr10_123533980_123534007_-	AGTAATGAAATTTTACTTCTAGTTTCGA
chr10	123534055	123534067	-	123499939	123688316	chr10_123499939_123688316_-	chr10_123534055_123534067_-	CCGTCCACTCTTT
chr10	123536673	123536684	-	123499939	123688316	chr10_123499939_123688316_-	chr10_123536673_123536684_-	ATCAGTGTTTCG
chr10	123536780	123536794	-	123499939	123688316	chr10_123499939_123688316_-	chr10_123536780_123536794_-	GTTACCAGTTCATAA
chr10	123536872	123536883	-	123499939	123688316	chr10_123499939_123688316_-	chr10_123536872_123536883_-	AGATTTTAAGTT
chr10	123537291	123537302	-	123499939	123688316	chr10_123499939_123688316_-	chr10_123537291_123537302_-	CTTTAAATGCAA
chr10	123537396	123537421	-	123499939	123688316	chr10_123499939_123688316_-	chr10_123537396_123537421_-	GAATTTTACAAATTTCTTTAAATTAG
chr10	123537424	123537434	-	123499939	123688316	chr10_123499939_123688316_-	chr10_123537424_123537434_-	CTAAAGTATTT
chr10	123537457	123537484	-	123499939	123688316	chr10_123499939_123688316_-	chr10_123537457_123537484_-	GAATTTTTATTAACGATTTTAAACGTTC
chr10	123538683	123538703	-	123499939	123688316	chr10_123499939_123688316_-	chr10_123538683_123538703_-	TCAAGGAAGGATTGACTTAAG
chr10	123541426	123541436	-	123499939	123688316	chr10_123499939_123688316_-	chr10_123541426_123541436_-	CTTAGAATAGG
chr10	123541445	123541471	-	123499939	123688316	chr10_123499939_123688316_-	chr10_123541445_123541471_-	TATAAATATAATTTTTGTAAAACGATC
chr10	123541492	123541502	-	123499939	123688316	chr10_123499939_123688316_-	chr10_123541492_123541502_-	ATTTTATTTGT
chr10	123541638	123541650	-	123499939	123688316	chr10_123499939_123688316_-	chr10_123541638_123541650_-	CAACCCACACTTA
chr10	123543856	123543868	-	123499939	123688316	chr10_123499939_123688316_-	chr10_123543856_123543868_-	TCAAAAGTGTAAA
chr10	123545807	123545820	-	123499939	123688316	chr10_123499939_123688316_-	chr10_123545807_123545820_-	CTCAGTTTAGTTTA
chr10	123546851	123546867	-	123499939	123688316	chr10_123499939_123688316_-	chr10_123546851_123546867_-	GACCGGGGTCTCTTCTC
chr10	123546892	123546922	-	123499939	123688316	chr10_123499939_123688316_-	chr10_123546892_123546922_-	ATTTGGAGTTTACTGGTACAAAGTGTCGTCC
chr10	123546932	123546972	-	123499939	123688316	chr10_123499939_123688316_-	chr10_123546932_123546972_-	AAGGTCGTACATTGACGTAAAATTAAAGGATTTTGGTGTCC
chr10	123546976	123547028	-	123499939	123688316	chr10_123499939_123688316_-	chr10_123546976_123547028_-	ATTCAGACTAAAGTTTATCACAGACCTGACACTATAAGTTATGACTATTTTGA
chr10	123547072	123547090	-	123499939	123688316	chr10_123499939_123688316_-	chr10_123547072_123547090_-	TTTTCTAGAAGTTAAAGAA
chr10	123547752	123547766	-	123499939	123688316	chr10_123499939_123688316_-	chr10_123547752_123547766_-	AAACAAAAATTCGTT
chr10	123549680	123549690	-	123499939	123688316	chr10_123499939_123688316_-	chr10_123549680_123549690_-	TATGGACGAAG
chr10	123549793	123549806	-	123499939	123688316	chr10_123499939_123688316_-	chr10_123549793_123549806_-	AGATATGACTGGGA
chr10	123550408	123550418	-	123499939	123688316	chr10_123499939_123688316_-	chr10_123550408_123550418_-	AAAGAAGTTTT
chr10	123551677	123551690	-	123499939	123688316	chr10_123499939_123688316_-	chr10_123551677_123551690_-	ACTTTTCTTTACTC
chr10	123552669	123552680	-	123499939	123688316	chr10_123499939_123688316_-	chr10_123552669_123552680_-	CACTTCTCTACA
chr10	123553435	123553499	-	123499939	123688316	chr10_123499939_123688316_-	chr10_123553435_123553499_-	AAAAAGATCATGAAAGTACCAAAGTATTATAATGTAAATGTAAATACGAGGTAGACCTTAAATAA
chr10	123553530	123553550	-	123499939	123688316	chr10_123499939_123688316_-	chr10_123553530_123553550_-	AATTAAAGAAAGTTTACAAAT
chr10	123553703	123553723	-	123499939	123688316	chr10_123499939_123688316_-	chr10_123553703_123553723_-	AAAATTGATAATTTCGAAATA
chr10	123553853	123553867	-	123499939	123688316	chr10_123499939_123688316_-	chr10_123553853_123553867_-	CTTTGTGATTATTTT
chr10	123555193	123555207	-	123499939	123688316	chr10_123499939_123688316_-	chr10_123555193_123555207_-	GTTCGGCAGTTTCTT
chr10	123555213	123555237	-	123499939	123688316	chr10_123499939_123688316_-	chr10_123555213_123555237_-	TAAATACTTTATTTGGTGAAACTTT
chr10	123555348	123555359	-	123499939	123688316	chr10_123499939_123688316_-	chr10_123555348_123555359_-	ACGGAGAAGTCG
chr10	123555367	123555386	-	123499939	123688316	chr10_123499939_123688316_-	chr10_123555367_123555386_-	TCTTTTACTCTTTACAAACA
chr10	123555389	123555426	-	123499939	123688316	chr10_123499939_123688316_-	chr10_123555389_123555426_-	CTTCTTACATTAATGAATTCCTAAACCTGTATCAAAGG
chr10	123555433	123555474	-	123499939	123688316	chr10_123499939_123688316_-	chr10_123555433_123555474_-	GTCTTCTTTTTTATAAATTAGTTGGAGATTCATGTAAGTAAG
chr10	123555478	123555520	-	123499939	123688316	chr10_123499939_123688316_-	chr10_123555478_123555520_-	AACCTTGTTTCTCCATTTTCGTCTAATTAAGAAAGGATCCCAC
chr10	123555532	123555545	-	123499939	123688316	chr10_123499939_123688316_-	chr10_123555532_123555545_-	ATTTATTCTTCTTT
chr10	123555595	123555609	-	123499939	123688316	chr10_123499939_123688316_-	chr10_123555595_123555609_-	CAGACTGTCCCGAAG
chr10	123556221	123556249	-	123499939	123688316	chr10_123499939_123688316_-	chr10_123556221_123556249_-	ATCCTTTACGGTTTCAATTTAGATTTTGT
chr10	123556349	123556368	-	123499939	123688316	chr10_123499939_123688316_-	chr10_123556349_123556368_-	AAAAACCAATTACCTTACTT
chr10	123556370	123556388	-	123499939	123688316	chr10_123499939_123688316_-	chr10_123556370_123556388_-	TTTCCGTAAGAAGAGTGAA
chr10	123559386	123559396	-	123499939	123688316	chr10_123499939_123688316_-	chr10_123559386_123559396_-	GTCTTTATTTT
chr10	123559541	123559551	-	123499939	123688316	chr10_123499939_123688316_-	chr10_123559541_123559551_-	CTAAAATTAAA
chr10	123559714	123559743	-	123499939	123688316	chr10_123499939_123688316_-	chr10_123559714_123559743_-	ACTCTTTAATAAAGAAATTAATCTCAATTT
chr10	123559787	123559810	-	123499939	123688316	chr10_123499939_123688316_-	chr10_123559787_123559810_-	TTTCTTTATGAAAGTATACTATAA
chr10	123559815	123559865	-	123499939	123688316	chr10_123499939_123688316_-	chr10_123559815_123559865_-	GTTCAATCGTAAGAACCGAAAATTAACCTTTGTAGACCCCTACCCGAACCG
chr10	123559880	123559950	-	123499939	123688316	chr10_123499939_123688316_-	chr10_123559880_123559950_-	AACTTCAATGGTTAAGTGCGGGACGGTAAAACTACCGTGAAACAAAAATGTCAAAAGTTTAGTTTTGGTTT
chr10	123559955	123560035	-	123499939	123688316	chr10_123499939_123688316_-	chr10_123559955_123560035_-	GAAAGGAAACTTGAGACCAGGACGTGGTTTCTAGAAATACTCTAAAGTGAGAGTTCTTATGAAATATTTATAAAACTTCTT
chr10	123560050	123560105	-	123499939	123688316	chr10_123499939_123688316_-	chr10_123560050_123560105_-	ATAAACTTTTCTCCGATTTGGTCGTCAGATAAAACTTTCAAGTTCAATTTAATTTT
chr10	123560186	123560223	-	123499939	123688316	chr10_123499939_123688316_-	chr10_123560186_123560223_-	TTTTTTAATTGATCTATTTCAAATTCAGAAAATAGTAC
chr10	123560265	123560280	-	123499939	123688316	chr10_123499939_123688316_-	chr10_123560265_123560280_-	AACTAACATGATTTTG
chr10	123560284	123560304	-	123499939	123688316	chr10_123499939_123688316_-	chr10_123560284_123560304_-	GACGAATTTCTCTACGAGATT
chr10	123560311	123560321	-	123499939	123688316	chr10_123499939_123688316_-	chr10_123560311_123560321_-	TATTTGTTTTC
chr10	123560380	123560419	-	123499939	123688316	chr10_123499939_123688316_-	chr10_123560380_123560419_-	TCCGAATAATTTGGGTCAGAAAGGGGACTTTCTGTTGTGG
chr10	123560422	123560440	-	123499939	123688316	chr10_123499939_123688316_-	chr10_123560422_123560440_-	ACCTTAGGGTAGGTGTTTC
chr10	123560447	123560494	-	123499939	123688316	chr10_123499939_123688316_-	chr10_123560447_123560494_-	TCGTCTGGGGAACGAGGGACTAAAGTAATGTATTTGTCTCTAACTGAA
chr10	123560499	123560560	-	123499939	123688316	chr10_123499939_123688316_-	chr10_123560499_123560560_-	TCAGGGGTTCTCTCACGAAATCTTCATTGAGATCGACGAGACAAAAGTTTTTGACACAAACC
chr10	123560571	123560590	-	123499939	123688316	chr10_123499939_123688316_-	chr10_123560571_123560590_-	CGAGTCAACCGCTCCACTCG
chr10	123560602	123560640	-	123499939	123688316	chr10_123499939_123688316_-	chr10_123560602_123560640_-	TTCTGTTTCCTGGATTTGTAGACTTAGGTAAACACAAGG
chr10	123560682	123560773	-	123499939	123688316	chr10_123499939_123688316_-	chr10_123560682_123560773_-	CCGATTCGAAACTTTTAAATTTTTATGTATAAAAAAGGTGACTGTTTGTCTTTCACTGCCATAAGACATAAAGAAATTAATTTTAGGTTCGC
chr10	123560799	123560815	-	123499939	123688316	chr10_123499939_123688316_-	chr10_123560799_123560815_-	ATTTCGAAGAAATTCTG
chr10	123560818	123560844	-	123499939	123688316	chr10_123499939_123688316_-	chr10_123560818_123560844_-	TCGATAAATAAAATGATAATCGTTTAT
chr10	123560849	123560978	-	123499939	123688316	chr10_123499939_123688316_-	chr10_123560849_123560978_-	TCTTAGTTCTAAGATTAAGTCAAAATTAGTGTTAGAAACGAAAATAAAACCTTTGGGACTCAATTAGAAAAAAGAAGATTTTTTCTGTTTCTTTGGAACACTTCGTTTCTAAGTTCCTCAGTTGAATGCC
chr10	123560981	123561021	-	123499939	123688316	chr10_123499939_123688316_-	chr10_123560981_123561021_-	GTTTAAATTAAAGTTTGACTTCCCAGCATTCAACTTTTCCT
chr10	123561045	123561057	-	123499939	123688316	chr10_123499939_123688316_-	chr10_123561045_123561057_-	TTTCTACTTCTGT
chr10	123561491	123561501	-	123499939	123688316	chr10_123499939_123688316_-	chr10_123561491_123561501_-	ACTACTCTTTA
chr10	123562959	123562973	-	123499939	123688316	chr10_123499939_123688316_-	chr10_123562959_123562973_-	GAAAAAGACAATTTT
chr10	123563327	123563337	-	123499939	123688316	chr10_123499939_123688316_-	chr10_123563327_123563337_-	TTCTTCAATCG
chr10	123563394	123563425	-	123499939	123688316	chr10_123499939_123688316_-	chr10_123563394_123563425_-	CGGACTACCTTTTAAGTAGTGTTTACTGAATT
chr10	123563438	123563449	-	123499939	123688316	chr10_123499939_123688316_-	chr10_123563438_123563449_-	ATTCCTATTGGA
chr10	123563879	123563891	-	123499939	123688316	chr10_123499939_123688316_-	chr10_123563879_123563891_-	AATTTTAAAATTC
chr10	123564008	123564018	-	123499939	123688316	chr10_123499939_123688316_-	chr10_123564008_123564018_-	GAAGGTCTACA
chr10	123564421	123564434	-	123499939	123688316	chr10_123499939_123688316_-	chr10_123564421_123564434_-	AGAAAAATAGAAGT
chr10	123565121	123565134	-	123499939	123688316	chr10_123499939_123688316_-	chr10_123565121_123565134_-	AATTTTACAAATTT
chr10	123565565	123565576	-	123499939	123688316	chr10_123499939_123688316_-	chr10_123565565_123565576_-	ATTTTAATATTT
chr10	123566727	123566737	-	123499939	123688316	chr10_123499939_123688316_-	chr10_123566727_123566737_-	GAGTGTTGTCT
chr10	123569730	123569749	-	123499939	123688316	chr10_123499939_123688316_-	chr10_123569730_123569749_-	TTTAGGATAAGTTTCAAGAA
chr10	123570536	123570564	-	123499939	123688316	chr10_123499939_123688316_-	chr10_123570536_123570564_-	TTCAAACGGTAAACTACAATATTTCCTGT
chr10	123573260	123573270	-	123499939	123688316	chr10_123499939_123688316_-	chr10_123573260_123573270_-	CGTCGTCCTCC
chr10	123573368	123573392	-	123499939	123688316	chr10_123499939_123688316_-	chr10_123573368_123573392_-	AGGAAACTTTTGGTCTTCTTTCATT
chr10	123575083	123575093	-	123499939	123688316	chr10_123499939_123688316_-	chr10_123575083_123575093_-	CTTTTAAATTC
chr10	123575107	123575124	-	123499939	123688316	chr10_123499939_123688316_-	chr10_123575107_123575124_-	TTACTCACTCAAGCACCG
chr10	123575130	123575141	-	123499939	123688316	chr10_123499939_123688316_-	chr10_123575130_123575141_-	TCCCAGTACTTA
chr10	123575156	123575176	-	123499939	123688316	chr10_123499939_123688316_-	chr10_123575156_123575176_-	AGAGACCACACAGTATGTCCT
chr10	123575209	123575229	-	123499939	123688316	chr10_123499939_123688316_-	chr10_123575209_123575229_-	TTCAATTAGAAAGACATCCAA
chr10	123575233	123575256	-	123499939	123688316	chr10_123499939_123688316_-	chr10_123575233_123575256_-	TAAACTTTCGTTCTCAGTCTGATG
chr10	123578309	123578325	-	123499939	123688316	chr10_123499939_123688316_-	chr10_123578309_123578325_-	GGAAGTGAACTTGGTGT
chr10	123580941	123580955	-	123499939	123688316	chr10_123499939_123688316_-	chr10_123580941_123580955_-	GTGAATAGGTTGTTT
chr10	123583631	123583644	-	123499939	123688316	chr10_123499939_123688316_-	chr10_123583631_123583644_-	TGGAGATCCCCCGT
chr10	123583732	123583743	-	123499939	123688316	chr10_123499939_123688316_-	chr10_123583732_123583743_-	GACTTAGTTTTC
chr10	123583762	123583773	-	123499939	123688316	chr10_123499939_123688316_-	chr10_123583762_123583773_-	CACGACACCCAA
chr10	123583890	123583903	-	123499939	123688316	chr10_123499939_123688316_-	chr10_123583890_123583903_-	ACAAACCAGTCCTT
chr10	123583944	123583955	-	123499939	123688316	chr10_123499939_123688316_-	chr10_123583944_123583955_-	ACTAAAACGTCT
chr10	123584080	123584103	-	123499939	123688316	chr10_123499939_123688316_-	chr10_123584080_123584103_-	TCGTATTAATTAGTGTCTGCCTAA
chr10	123584108	123584134	-	123499939	123688316	chr10_123499939_123688316_-	chr10_123584108_123584134_-	GAAAACAAAGAAAAGACTGTAAAGTCT
chr10	123584138	123584151	-	123499939	123688316	chr10_123499939_123688316_-	chr10_123584138_123584151_-	GAAAGACTACAAAG
chr10	123584155	123584220	-	123499939	123688316	chr10_123499939_123688316_-	chr10_123584155_123584220_-	CTAGACTACAGACCGGTGTAGTACTATGGTTTGTCTGGCGGACTTTAGTGAAACAGATGAAACCTG
chr10	123584226	123584242	-	123499939	123688316	chr10_123499939_123688316_-	chr10_123584226_123584242_-	TGTACAGACATATTTTT
chr10	123584247	123584268	-	123499939	123688316	chr10_123499939_123688316_-	chr10_123584247_123584268_-	TCAGTTTTATGGAAGAAGTCTA
chr10	123587751	123587765	-	123499939	123688316	chr10_123499939_123688316_-	chr10_123587751_123587765_-	ACTCACACGTGTCGT
chr10	123592387	123592402	-	123499939	123688316	chr10_123499939_123688316_-	chr10_123592387_123592402_-	GGGTCGTAGATTTGAT
chr10	123595957	123595976	-	123499939	123688316	chr10_123499939_123688316_-	chr10_123595957_123595976_-	TTGTAGTTTCTCAAAGTAAT
chr10	123596001	123596013	-	123499939	123688316	chr10_123499939_123688316_-	chr10_123596001_123596013_-	TTTCCCTTTAAGA
chr10	123596228	123596242	-	123499939	123688316	chr10_123499939_123688316_-	chr10_123596228_123596242_-	AAATGGAATATAAAG
chr10	123596321	123596335	-	123499939	123688316	chr10_123499939_123688316_-	chr10_123596321_123596335_-	TTTCGTTAAAGAGAC
chr10	123598788	123598802	-	123499939	123688316	chr10_123499939_123688316_-	chr10_123598788_123598802_-	ATAAATGGTATAGTT
chr10	123599021	123599034	-	123499939	123688316	chr10_123499939_123688316_-	chr10_123599021_123599034_-	AGAAAAGACTTTAT
chr10	123600324	123600344	-	123499939	123688316	chr10_123499939_123688316_-	chr10_123600324_123600344_-	CAAATAAAATTTTAAGTTACA
chr10	123600404	123600414	-	123499939	123688316	chr10_123499939_123688316_-	chr10_123600404_123600414_-	CTCATAAATTG
chr10	123600591	123600601	-	123499939	123688316	chr10_123499939_123688316_-	chr10_123600591_123600601_-	AGAATGGCATC
chr10	123601777	123601803	-	123499939	123688316	chr10_123499939_123688316_-	chr10_123601777_123601803_-	AAGAGTAAAATTTTAAGTTGTAAAATT
chr10	123602251	123602262	-	123499939	123688316	chr10_123499939_123688316_-	chr10_123602251_123602262_-	AGTTTTCTTCTT
chr10	123603206	123603218	-	123499939	123688316	chr10_123499939_123688316_-	chr10_123603206_123603218_-	GTTATTTACCACG
chr10	123603277	123603301	-	123499939	123688316	chr10_123499939_123688316_-	chr10_123603277_123603301_-	GGAAAGTGTTTTTAATTGAGTTTTA
chr10	123606665	123606675	-	123499939	123688316	chr10_123499939_123688316_-	chr10_123606665_123606675_-	AAATTTTTATT
chr10	123611303	123611318	-	123499939	123688316	chr10_123499939_123688316_-	chr10_123611303_123611318_-	TCCTAAATCGACTATT
chr10	123611354	123611364	-	123499939	123688316	chr10_123499939_123688316_-	chr10_123611354_123611364_-	ATGTCTTCTTT
chr10	123611531	123611541	-	123499939	123688316	chr10_123499939_123688316_-	chr10_123611531_123611541_-	TGGACAGAGAA
chr10	123611883	123611894	-	123499939	123688316	chr10_123499939_123688316_-	chr10_123611883_123611894_-	CAATTTTATTGA
chr10	123612328	123612341	-	123499939	123688316	chr10_123499939_123688316_-	chr10_123612328_123612341_-	GATGTCAATTCTTT
chr10	123613621	123613631	-	123499939	123688316	chr10_123499939_123688316_-	chr10_123613621_123613631_-	GAACTAAAAGA
chr10	123613641	123613651	-	123499939	123688316	chr10_123499939_123688316_-	chr10_123613641_123613651_-	CAATAAAATGT
chr10	123613663	123613677	-	123499939	123688316	chr10_123499939_123688316_-	chr10_123613663_123613677_-	CGTCTCCAATTGAAC
chr10	123613746	123613766	-	123499939	123688316	chr10_123499939_123688316_-	chr10_123613746_123613766_-	TCAACAAAAATAGATTAGATC
chr10	123613833	123613852	-	123499939	123688316	chr10_123499939_123688316_-	chr10_123613833_123613852_-	TCAAAATTACGGAATGACCA
chr10	123615138	123615150	-	123499939	123688316	chr10_123499939_123688316_-	chr10_123615138_123615150_-	CATAATTATTTAA
chr10	123615216	123615248	-	123499939	123688316	chr10_123499939_123688316_-	chr10_123615216_123615248_-	ATATTTAATTTTATAAGAGGTTTAAGTGTCTTT
chr10	123615275	123615309	-	123499939	123688316	chr10_123499939_123688316_-	chr10_123615275_123615309_-	ATCGAGTCTTTGTAAAAATTCTTAGGTTCATATCC
chr10	123620126	123620137	-	123499939	123688316	chr10_123499939_123688316_-	chr10_123620126_123620137_-	ATTTACAAAAAT
chr10	123620484	123620618	-	123499939	123688316	chr10_123499939_123688316_-	chr10_123620484_123620618_-	ACTGTTGGGTCTGACTCTTGAGTTACTGACGGTTGTAGTTTGTTCTGACTACAGGGGTACCTTTGATTAGGTGGGGTCCTAAAAGATAAGTTTGTAAAAGACTTCGTAAGTACGTGTAGATTACCCGTTACTTTT
chr10	123620620	123620636	-	123499939	123688316	chr10_123499939_123688316_-	chr10_123620620_123620636_-	ACAGTTCCGTCTACTGG
chr10	123620683	123620695	-	123499939	123688316	chr10_123499939_123688316_-	chr10_123620683_123620695_-	GCGATTTCCTTCT
chr10	123624941	123624957	-	123499939	123688316	chr10_123499939_123688316_-	chr10_123624941_123624957_-	GGATGACCTGATCGACC
chr10	123624971	123625005	-	123499939	123688316	chr10_123499939_123688316_-	chr10_123624971_123625005_-	TCTACTCTTTAAGTTCTTAGAAAGCCCGAGACTAT
chr10	123625008	123625101	-	123499939	123688316	chr10_123499939_123688316_-	chr10_123625008_123625101_-	ATTAGGGAAAATAAATGGGTGTAAATTAACTTCTGTAGACATTCACCACGGTGTGTTTTACATTAAGTCTGAATCTTTACAGTTATTTTTACAG
chr10	123625142	123625152	-	123499939	123688316	chr10_123499939_123688316_-	chr10_123625142_123625152_-	TATAGTCGTCG
chr10	123625192	123625392	-	123499939	123688316	chr10_123499939_123688316_-	chr10_123625192_123625392_-	AACGGACTGAACTGCTCCACTATTTTCGAGAAAAGGGTATTTCGAATTACTCGAGATAATCAGAAGTCGAATGTCCTTACATTTTCCCAGTCGGGGTGTCTCCCTTCATTGACTGAGAGGTGTGTACCAGGTAAGTTTACTGTTGTATAGTTTAATGACTACATTAATGATATTGGACTGTTAAAGTAATCTAAGTACACC
chr10	123625394	123625422	-	123499939	123688316	chr10_123499939_123688316_-	chr10_123625394_123625422_-	TCAATTGACAAATCCTGAATGTTGTTTCC
chr10	123625573	123625588	-	123499939	123688316	chr10_123499939_123688316_-	chr10_123625573_123625588_-	AACATTAAAAGGAAGA
chr10	123627346	123627356	-	123499939	123688316	chr10_123499939_123688316_-	chr10_123627346_123627356_-	GTAAAATTACC
chr10	123629515	123629525	-	123499939	123688316	chr10_123499939_123688316_-	chr10_123629515_123629525_-	AGAATGGAGGT
chr10	123629542	123629559	-	123499939	123688316	chr10_123499939_123688316_-	chr10_123629542_123629559_-	CTTAGAACACTTGACGTC
chr10	123631340	123631364	-	123499939	123688316	chr10_123499939_123688316_-	chr10_123631340_123631364_-	ATTCTATTGAAAGACTTTCACGTTT
chr10	123631825	123631837	-	123499939	123688316	chr10_123499939_123688316_-	chr10_123631825_123631837_-	TCGAAAAAGTTTT
chr10	123631865	123631877	-	123499939	123688316	chr10_123499939_123688316_-	chr10_123631865_123631877_-	CTTCGGTGGTTTT
chr10	123631915	123631942	-	123499939	123688316	chr10_123499939_123688316_-	chr10_123631915_123631942_-	GTCATTTTTGTCTTATTGTTTAGTGTTC
chr10	123633047	123633058	-	123499939	123688316	chr10_123499939_123688316_-	chr10_123633047_123633058_-	GTTCACGTGTTT
chr10	123633311	123633323	-	123499939	123688316	chr10_123499939_123688316_-	chr10_123633311_123633323_-	CAAATTATTCATT
chr10	123633634	123633645	-	123499939	123688316	chr10_123499939_123688316_-	chr10_123633634_123633645_-	ATAAATTTTTAA
chr10	123635710	123635728	-	123499939	123688316	chr10_123499939_123688316_-	chr10_123635710_123635728_-	ATTTTACGGAGAACTTTTT
chr10	123636078	123636092	-	123499939	123688316	chr10_123499939_123688316_-	chr10_123636078_123636092_-	CAAAGATTTTAATTT
chr10	123639154	123639168	-	123499939	123688316	chr10_123499939_123688316_-	chr10_123639154_123639168_-	CATTTACTTATAAGT
chr10	123640353	123640369	-	123499939	123688316	chr10_123499939_123688316_-	chr10_123640353_123640369_-	AACAAGTGAACAGTTCA
chr10	123640380	123640391	-	123499939	123688316	chr10_123499939_123688316_-	chr10_123640380_123640391_-	TCCAGTATTTTG
chr10	123640407	123640424	-	123499939	123688316	chr10_123499939_123688316_-	chr10_123640407_123640424_-	AAATTACACTTTTTGTCT
chr10	123640443	123640453	-	123499939	123688316	chr10_123499939_123688316_-	chr10_123640443_123640453_-	TTCTGTTTACC
chr10	123640543	123640570	-	123499939	123688316	chr10_123499939_123688316_-	chr10_123640543_123640570_-	GAGTCCTTTAATTCTCGTCGAAAATGAA
chr10	123641789	123641808	-	123499939	123688316	chr10_123499939_123688316_-	chr10_123641789_123641808_-	CTTAATTTTTCTTTTTGTTT
chr10	123642610	123642627	-	123499939	123688316	chr10_123499939_123688316_-	chr10_123642610_123642627_-	TTGAAATGATTGTTATTT
chr10	123646702	123646713	-	123499939	123688316	chr10_123499939_123688316_-	chr10_123646702_123646713_-	TGGTGGACCACC
chr10	123647514	123647534	-	123499939	123688316	chr10_123499939_123688316_-	chr10_123647514_123647534_-	TAACCCTTTCTCCAATAAGGA
chr10	123651137	123651153	-	123499939	123688316	chr10_123499939_123688316_-	chr10_123651137_123651153_-	ATTCCAATGACTTTTCT
chr10	123651173	123651184	-	123499939	123688316	chr10_123499939_123688316_-	chr10_123651173_123651184_-	GTTAGATATAAA
chr10	123651239	123651250	-	123499939	123688316	chr10_123499939_123688316_-	chr10_123651239_123651250_-	AATAAAATGTCT
chr10	123658333	123658358	-	123499939	123688316	chr10_123499939_123688316_-	chr10_123658333_123658358_-	GTCTTTTGTTGTCAATTGTTATGGAG
chr10	123658473	123658522	-	123499939	123688316	chr10_123499939_123688316_-	chr10_123658473_123658522_-	ATGATTGGAGTGGAAGTCTCGTTCCTTTTATGTTCGTTTACGATAACTTT
chr10	123658537	123658591	-	123499939	123688316	chr10_123499939_123688316_-	chr10_123658537_123658591_-	ACGAAGACTTCCACTCCGATGTCATTCTAGAGGTGTTTAGGTGCGGTTTCGAGCT
chr10	123659218	123659230	-	123499939	123688316	chr10_123499939_123688316_-	chr10_123659218_123659230_-	ACGTGAAAGTCTT
chr10	123659327	123659344	-	123499939	123688316	chr10_123499939_123688316_-	chr10_123659327_123659344_-	ATTCACCTTCCCTTTCGA
chr10	123659368	123659390	-	123499939	123688316	chr10_123499939_123688316_-	chr10_123659368_123659390_-	AACCGGACGACTGGACCGAAAGC
chr10	123659498	123659546	-	123499939	123688316	chr10_123499939_123688316_-	chr10_123659498_123659546_-	GTGGTGGGAGTGGAAGTCTTCGTCAATTTTTTTGTTCAAATGATTAAGT
chr10	123659634	123659647	-	123499939	123688316	chr10_123499939_123688316_-	chr10_123659634_123659647_-	AAATTATAATTTTT
chr10	123661899	123661915	-	123499939	123688316	chr10_123499939_123688316_-	chr10_123661899_123661915_-	TTTCATGGAGATTGAAC
chr10	123662128	123662146	-	123499939	123688316	chr10_123499939_123688316_-	chr10_123662128_123662146_-	GGGAAACGGATTTTTCTTA
chr10	123662149	123662160	-	123499939	123688316	chr10_123499939_123688316_-	chr10_123662149_123662160_-	ATTTTATAATCT
chr10	123669978	123669991	-	123499939	123688316	chr10_123499939_123688316_-	chr10_123669978_123669991_-	AAAATTTTGATTTT
chr10	123670011	123670025	-	123499939	123688316	chr10_123499939_123688316_-	chr10_123670011_123670025_-	TTTTAAATTACTATT
chr10	123670417	123670427	-	123499939	123688316	chr10_123499939_123688316_-	chr10_123670417_123670427_-	GATGGACCGAA
chr10	123670655	123670672	-	123499939	123688316	chr10_123499939_123688316_-	chr10_123670655_123670672_-	GGTACCCGAGTAGATGTT
chr10	123670958	123670975	-	123499939	123688316	chr10_123499939_123688316_-	chr10_123670958_123670975_-	TTTTTTTTTTTTTTTTTT
chr10	123672242	123672260	-	123499939	123688316	chr10_123499939_123688316_-	chr10_123672242_123672260_-	ATTGAGTCTTGGATTAAGG
chr10	123673298	123673314	-	123499939	123688316	chr10_123499939_123688316_-	chr10_123673298_123673314_-	TAGAATGGGAGTGTTGA
chr10	123673403	123673421	-	123499939	123688316	chr10_123499939_123688316_-	chr10_123673403_123673421_-	GCCGTGGATCCTTTCGTTT
chr10	123673583	123673601	-	123499939	123688316	chr10_123499939_123688316_-	chr10_123673583_123673601_-	CTAAAAAAAAAAGAAAACT
chr10	123674403	123674416	-	123499939	123688316	chr10_123499939_123688316_-	chr10_123674403_123674416_-	TCTTACACTAGTCT
chr10	123674771	123674782	-	123499939	123688316	chr10_123499939_123688316_-	chr10_123674771_123674782_-	GTTTTCATTTTT
chr10	123675977	123676022	-	123499939	123688316	chr10_123499939_123688316_-	chr10_123675977_123676022_-	CGTGAAAGAGATAATCTTCTACACGAAGTGATTTTGTTCCCTTATT
chr10	123681858	123681873	-	123499939	123688316	chr10_123499939_123688316_-	chr10_123681858_123681873_-	AGAATGGAATAACACA
chr10	123681945	123681959	-	123499939	123688316	chr10_123499939_123688316_-	chr10_123681945_123681959_-	AAACAATTACAGAAT
chr10	123683776	123683790	-	123499939	123688316	chr10_123499939_123688316_-	chr10_123683776_123683790_-	AAATGGAAGCGGTAG
chr10	123683834	123683851	-	123499939	123688316	chr10_123499939_123688316_-	chr10_123683834_123683851_-	ACGGGTGTACGGACTTTT
chr10	123687352	123687368	-	123499939	123688316	chr10_123499939_123688316_-	chr10_123687352_123687368_-	GCGAGTGGTAACCTCGC
chr10	123687453	123687464	-	123499939	123688316	chr10_123499939_123688316_-	chr10_123687453_123687464_-	GGTCTTTCGGTA
chr10	123687520	123687538	-	123499939	123688316	chr10_123499939_123688316_-	chr10_123687520_123687538_-	GCGGCGGTGGGGTGTTACG
chr10	123687633	123687643	-	123499939	123688316	chr10_123499939_123688316_-	chr10_123687633_123687643_-	GCGCGGTAGAA
chr10	123687701	123687712	-	123499939	123688316	chr10_123499939_123688316_-	chr10_123687701_123687712_-	TCACTCCCACTC
chr10	123687850	123687871	-	123499939	123688316	chr10_123499939_123688316_-	chr10_123687850_123687871_-	CCCTTGTGAGTGGCGTCCTGCG
chr10	123687935	123687953	-	123499939	123688316	chr10_123499939_123688316_-	chr10_123687935_123687953_-	GTGGCTGCGGTACCGGCGG
